_Action,_Action
_AI,_AI
_CutScenes,_CutScenes
_Particles,_Particles
_Platform,_Platform
_Player,_Player
_PowerUp,_PowerUp
_Sound,_Sound
_Water,_Water
_Wrogowie,_Wrogowie
AIControlPoint,AIControlPoint
CAction,CAction,CAction::STATE_Empty,CAction::STATE_RuchX,CAction::STATE_RuchY,CAction::STATE_RuchZ
CApplication_Network,CApplication_Network
CArmata,CArmata
CArmataPocisk,CArmataPocisk
CBalon,CBalon
CBlokadaLevel1,CBlokadaLevel1
CBlokadaLevel3,CBlokadaLevel3
CBlokadaLevel3_1,CBlokadaLevel3_1
GameSDK,GameSDK