CAlphaObject,CAlphaObject
CBaseColObject,CBaseColObject
CCPUTicker,CCPUTicker
CCamera,CCamera
CClassParameter,CClassParameter
CClassPrototype,CClassPrototype
CClientServer,CClientServer
CClientServerPlayer,CClientServerPlayer
CColFaceTree,CColFaceTree
CColTreeNode,CColTreeNode
CCollisionCamera,CCollisionCamera
CDirectXFont,CDirectXFont
CDynObjCol,CDynObjCol
CDynObjTree,CDynObjTree
CExtendedParameterLoader,CExtendedParameterLoader
CFreeCamera,CFreeCamera
CGame,CGame
CJVMData,CJVMData,String,CTimerMethod,MagKernelMetaData
CLensFlare,CLensFlare
CLensFlareSpot,CLensFlareSpot
CLevel,CLevel
CLevelsManager,CLevelsManager
CMagnumEngine,CMagnumEngine
CMemoryManager,CMemoryManager
COctree,COctree
CParticle,CParticle
CParticleEmitter,CParticleEmitter
CParticleEmitterToken,CParticleEmitterToken
CParticleEmitterTokenizer,CParticleEmitterTokenizer
CParticleEvent,CParticleEvent
CParticleEventSequence,CParticleEventSequence
CParticleEvent_Alpha,CParticleEvent_Alpha
CParticleEvent_BlueColor,CParticleEvent_BlueColor
CParticleEvent_Color,CParticleEvent_Color
CParticleEvent_EventTimer,CParticleEvent_EventTimer
CParticleEvent_GreenColor,CParticleEvent_GreenColor
CParticleEvent_RedColor,CParticleEvent_RedColor
CParticleEvent_Size,CParticleEvent_Size
CParticleEvent_Velocity,CParticleEvent_Velocity
CParticleEvent_VelocityX,CParticleEvent_VelocityX
CParticleEvent_VelocityY,CParticleEvent_VelocityY
CParticleEvent_VelocityZ,CParticleEvent_VelocityZ
CPath,CPath
CPhysics,CPhysics
CPhysicsMotorboat,CPhysicsMotorboat
CRay,CRay
CRect,CRect
CSimpleLine,CSimpleLine
CSplineCamera,CSplineCamera
CSplineControlPoint,CSplineControlPoint
CState,CState
CTrack,CTrack
CTrackData,CTrackData
CUSTOMVERTEXM,CUSTOMVERTEXM
ColObject,ColObject
Collision,Collision
IStudioMesh,IStudioMesh
KTeksturyVideoDirectX,KTeksturyVideoDirectX
MagGrid,MagGrid
MagProfile,MagProfile
MagRelayMachine,MagRelayMachine
MagState,MagState,MagState::DelayedMessage_Str
MagTerrain,MagTerrain
MagTextureMgr,MagTextureMgr
MagnumMesh,MagnumMesh
Mesh,Mesh
VERTEX,VERTEX
cBlob,cBlob
cFX_Shockwave,cFX_Shockwave
cGlow,cGlow
cMagAudio,cMagAudio
cMagBillboard,cMagBillboard
cMagCamera,cMagCamera
cMagEngineMgr,cMagEngineMgr
cMagFog,cMagFog
cMagFrustumCull,cMagFrustumCull
cMagFx,cMagFx
cMagGameObject,cMagGameObject
cMagInput,cMagInput
cMagKernel,cMagKernel,StateObject_Str
cMagLight,cMagLight
cMagLine,cMagLine
cMagLog,cMagLog
cMagMeshMgr,cMagMeshMgr
cMagMeshObject,cMagMeshObject
cMagObjectList,cMagObjectList
cMagSector,cMagSector
cMagSkyBox,cMagSkyBox
cMagSound,cMagSound
cMagSprite,cMagSprite
cMagSun,cMagSun
cMagTime,cMagTime
cMagUtility,cMagUtility
cMagVertex,cMagVertex
cMp3Player,cMp3Player
cPortalEngine,cPortalEngine
cStaticMesh,cStaticMesh
cTGA,cTGA
cVideoPlayer,cVideoPlayer
CollisionManager,collision
pgImage,pgImage
pgString,pgString
pgTerrain,pgTerrain
pgTerrainPVS,pgTerrainPVS
pgTerrainPatchBase,pgTerrainPatchBase
pgTerrainPatchMorphHW,pgTerrainPatchMorphHW
pgTerrainPatchMorphSW,pgTerrainPatchMorphSW
pgVec2,pgVec2